batch_size,hidden_dim,learning_rate,gcn_test_r2,gcn_test_rmse,gcn_test_mae,gin_test_r2,gin_test_rmse,gin_test_mae,gat_test_r2,gat_test_rmse,gat_test_mae
16,8,0.0001,-3.164020650183194,0.7874949178112276,0.7185820585384443,-6.888176570658921,1.0815917867196452,0.934433068503623,-2.8600168256105696,0.7593624263833871,0.6922436836842928
16,8,0.0005,-0.2762694456499231,0.3789442239550989,0.3184307222250213,0.6050057108560926,0.2430427290152173,0.1768083832913773,-0.24373579008701748,0.39007591133208425,0.3254862502581719
16,8,0.001,0.6513513964478553,0.22836745889047635,0.1740422272163619,0.5912368867290475,0.24720453567186298,0.17845127195234614,0.6920563304103631,0.21460978614322276,0.16258515218924702
16,16,0.0001,-0.6202362841703455,0.4916987717971432,0.3883407361823273,-1.732408961619715,0.6390384290639909,0.48450434936148673,-0.4453407089908487,0.4647077932050296,0.372668988276178
16,16,0.0005,0.1275941645921026,0.3607875680061414,0.2701610833552219,0.6903570503601243,0.21520423096712527,0.16016110625571223,0.3926505776611868,0.3010453397335973,0.22470898806385076
16,16,0.001,0.3729464517610633,0.3062428223783022,0.22794698306705072,0.6768831650079101,0.21983913048047907,0.16489467969210195,0.49574782438951864,0.27430590638740426,0.2102643414558016
16,32,0.0001,0.33791812941690064,0.3146863436794825,0.22831781628303316,-0.9130075348132823,0.533971179129222,0.3853130172350762,0.44020246273323577,0.28885428449330236,0.2100234564639165
16,32,0.0005,0.535299241893118,0.26359805046248175,0.19438061246217905,0.5676165069941519,0.24702858767450198,0.17791055375026832,0.6243876947221713,0.2370247941888152,0.17867404135026077
16,32,0.001,0.6183573251691074,0.2386173608953821,0.18008637554824927,0.7032296159267485,0.21066861322465155,0.1555160340241555,0.6026363302714568,0.243732442326727,0.18699847980721188
16,64,0.0001,0.5151527761649585,0.2692004988498216,0.19860376975751962,-0.5467059058771748,0.48016153160987723,0.3109048305608341,0.5838914868684254,0.2493924104786861,0.1883944179329667
16,64,0.0005,0.5975426287286907,0.24530496232405274,0.18750991552326904,0.29554955556275253,0.31543336441322184,0.21457152674803315,0.6517173299119478,0.22814595510263821,0.17610304575703842
16,64,0.001,0.6332760090778417,0.233798719307749,0.17798581080179157,0.7183648501640151,0.20524537150866254,0.14967418329836565,0.6434684159752394,0.23041852305653385,0.17505318178869037
32,8,0.0001,-3.806392379313973,0.8458877448491613,0.7714974352467109,-6.855464041167866,1.0778939701184196,0.9184083143373796,-3.3823622733702297,0.8095070424354439,0.734723868138312
32,8,0.0005,-2.1888542921496215,0.6897578098487465,0.6221456196221542,-1.4586030302531927,0.5569009979095223,0.4493115784685475,-1.583584222616091,0.6215724321191767,0.5561632221776521
32,8,0.001,-1.0554070454016433,0.5542969932803298,0.48102893009556974,0.6313835728528043,0.23459174273401795,0.17064920282100884,-0.49595617339637843,0.4697040079936987,0.39966722129720944
32,16,0.0001,-0.5353350224642746,0.47858291074890014,0.37852244055076373,-2.8493657506553647,0.753926414394433,0.6048645435281246,-0.2357743119526392,0.42921499114026146,0.3364758602177666
32,16,0.0005,0.2071696209202705,0.3429200491708378,0.25604484798087207,-0.04071349310367726,0.3881887036976727,0.2776121098735427,0.4069445761926102,0.29754083052213687,0.22418017873209242
32,16,0.001,0.28603963642433067,0.3243831466401706,0.23983974230501603,0.2050028328461105,0.31408383438138926,0.21740936907933894,0.4767372248511918,0.2793002373287898,0.20719364687113426
32,32,0.0001,0.2751887895624507,0.3286698635601901,0.23950098327325478,-1.1308192097604444,0.5645501786897832,0.39458952174373785,0.35287679059337423,0.3109702032095181,0.22738955348174916
32,32,0.0005,0.5263685988461436,0.26588788479148673,0.19831246309442171,-0.40885312344515423,0.45861446908983655,0.30974941018444274,0.5438238934955559,0.2605448286888337,0.19325254377582865
32,32,0.001,0.5432510023317212,0.2612469661434155,0.19304433133453522,0.6697839431546164,0.22120509283020082,0.16181300207235919,0.5803872519157828,0.2500535918162572,0.1890461392997641
32,64,0.0001,0.47371962330443357,0.2804009913265599,0.207646198780855,-0.6559130853360277,0.4976375921614915,0.32846880941661943,0.5384046341374008,0.26271517834979163,0.19604534521747027
32,64,0.0005,0.5962202966080895,0.24575475196326887,0.18674451854005913,-1.0078987551313583,0.5447748683560322,0.3742200803751752,0.6307827150886923,0.23499272545900063,0.18005216261861426
32,64,0.001,0.6099385886939549,0.24150662015385493,0.18472209499286482,0.23654041505393306,0.3259769033667765,0.2178553406462013,0.6451445750765473,0.23007279931412059,0.17638623045763424
64,8,0.0001,-3.8594360971324946,0.8524289668814918,0.7779733294291381,-9.056121202945775,1.2078795055857101,1.0294379573394858,-3.4376972618304795,0.8135117013879313,0.7379297881633065
64,8,0.0005,-2.6894678608637186,0.7340012788165765,0.664425186739217,-2.4020208359620043,0.6682534397329815,0.5335805843866185,-3.4354799731426087,0.814101529578394,0.7499007370335736
64,8,0.001,-3.2694150229443637,0.7980283608216223,0.7320622541812893,-1.486689558018463,0.5943955472109081,0.47111412528303315,-3.5601330542878347,0.8230873095164428,0.7234283557530187
64,16,0.0001,-0.757923095321312,0.5125513351618092,0.4118002855215748,-3.3628002676068824,0.8052541550584156,0.6349034831679963,-0.6511123296719735,0.49680637442304243,0.39160222726330224
64,16,0.0005,-0.3348855889776365,0.4427417072958129,0.35395674696076806,-2.800460685105371,0.745941066833972,0.5716223104871737,0.013567375652942562,0.3788798923872056,0.302505769768321
64,16,0.001,0.026797920395414104,0.3777001732309388,0.29555513568742803,-0.5251246615340658,0.4677354736672566,0.3238086511868197,-0.08421556098743443,0.396597663050059,0.31452115942504133
64,32,0.0001,0.09398789371087642,0.3676091560361792,0.26974926685639333,-1.4668981328357056,0.5970251822495046,0.4092099250498095,0.3152997688070946,0.3196448670363327,0.2316939987343796
64,32,0.0005,0.4711351650835021,0.2809908702817217,0.2047709409844951,0.20763348090894573,0.3394773832356905,0.2320505586942335,0.4314934462202132,0.29112725954513935,0.21361756232963638
64,32,0.001,0.4088642694993984,0.2967123192819489,0.21772343872464128,-0.10574725450795038,0.37508688283374086,0.2580653783470898,0.5377487842611085,0.26291798219468987,0.20034380675677219
64,64,0.0001,0.4879005194728827,0.27659984261898324,0.20420223181100575,-0.5599156745049971,0.4828044283971857,0.3138276394528347,0.5624158696904352,0.255761957976647,0.19073484913840577
64,64,0.0005,0.5174005289120683,0.2684101246305857,0.19996173628188654,-0.23216484268629486,0.4265627093716399,0.2823861353677,0.5598609494040958,0.2562925488727632,0.1926616150030969
64,64,0.001,0.5331026680444069,0.26401331469338063,0.1995290793344349,0.184434356439824,0.3454970670609055,0.23954450651167436,0.6319622534629111,0.23445305433736566,0.1791291920696365
128,8,0.0001,-5.0630524136107,0.9505276821911693,0.8713713112079907,-11.205294725028608,1.3464032098442298,1.163391082849323,-4.8241439867656455,0.9330950794004963,0.8356680531620372
128,8,0.0005,-4.200353690170103,0.8810893554180059,0.8090795001275012,-7.88375689829883,1.1428968717709178,0.9671672058224566,-3.55316719919659,0.8245371039164001,0.7496044780426708
128,8,0.001,-3.77461847260985,0.8435738899661192,0.7752945839719825,-5.961318158473454,0.9735553487533183,0.8114752318139801,-3.514572818913758,0.8200368900381146,0.7506026387499999
128,16,0.0001,-1.1691603079583237,0.5694069181957772,0.4609639168976621,-5.541855698291445,0.9760360722400371,0.7874203591233102,-0.9794404946101015,0.5427488449099117,0.42837861802776717
128,16,0.0005,-0.4142912692200526,0.4586442862404037,0.36594348445570374,-3.78618815266058,0.8337534534782343,0.640166458446881,-0.5395745767311009,0.4795669696169525,0.39282101847426004
128,16,0.001,-0.49988701026898186,0.4715564214152071,0.3860886678795919,-1.3587427870196642,0.5921205579100791,0.40511384351728164,-0.3820065912800826,0.4545308190086524,0.3707494362545182
128,32,0.0001,0.02042786986887594,0.3824040809113997,0.27902692209633423,-3.0792310498478197,0.7790848600557364,0.5731822126352623,0.1446578115243349,0.35733331986038336,0.2607679311486533
128,32,0.0005,0.2133812217660875,0.34286887450319675,0.25473176255684166,-1.049245542836249,0.5488493969969427,0.36613140896215485,0.3445036462164979,0.3127822203278075,0.23641665761683436
128,32,0.001,0.336990336044239,0.3140018429470221,0.23160721233700202,-1.1321734365410825,0.5511499358599296,0.37726310463400264,0.5147814083285831,0.26893049642720657,0.19910065784627037
128,64,0.0001,0.4184181273414896,0.2946105267286731,0.21565728168207668,-1.1977087885639752,0.5717017568805428,0.3967690285714338,0.47484076626714483,0.2801408959210638,0.20481205879804532
128,64,0.0005,0.5656832567237874,0.25486830856940984,0.19062107481982782,-0.8017994964865304,0.5142904804991212,0.34755270239688785,0.5796412647020824,0.2507188577877999,0.18808846965467838
128,64,0.001,0.5549411105662568,0.2579698807566688,0.19252439090594975,-0.06353112849684402,0.3969333127035066,0.26153638626139925,0.6100386749442959,0.24142995792709598,0.18447861972665525
256,8,0.0001,-5.322973493480688,0.9716283540460434,0.8947423532386516,-19.18692589324502,1.7225427973780112,1.479589360985253,-4.957926427972548,0.94388308659662,0.8489242652561974
256,8,0.0005,-4.802441517473654,0.9297845389626632,0.8501975177812929,-9.262718677050577,1.225005217274392,1.0454846368593758,-4.406060572267529,0.8981387250250116,0.7906402214618785
256,8,0.001,-4.256999611567117,0.8853431617082541,0.8045558735909702,-5.929682170456235,1.000590179501725,0.8218799290938411,-3.506330566446802,0.8208236314993282,0.7186943601155109
256,16,0.0001,-1.566331434244496,0.6160752133703709,0.49939908856270726,-8.484852067726262,1.1846538232161399,0.9619590469671593,-0.9571762002735477,0.5408655768153997,0.4323308674052772
256,16,0.0005,-1.0768586949554197,0.5566351903417047,0.4557302447483882,-6.793454478097135,1.0781140829609495,0.8796431631460834,-0.48949081120896026,0.46749249337915294,0.3594783680634266
256,16,0.001,-0.6053783615865941,0.48923367698243153,0.36393660146272794,-5.491039144910324,0.9834423476283979,0.7948311238423361,-0.6054516084067121,0.4897909255491446,0.3976869550874273
256,32,0.0001,0.040344309367631705,0.3783352849758808,0.2765555189729965,-3.618580110818005,0.8286349756676423,0.6170036991871487,-0.11172528080396282,0.4014158022159957,0.2955114093875399
256,32,0.0005,-0.03193959146580768,0.3909602299668791,0.2993066244138268,-2.0049757919432944,0.6589074710931763,0.47678129126395624,0.2085925473293415,0.34267036580290816,0.2511591445346419
256,32,0.001,0.3535912451962992,0.3108841425921734,0.22985795737925643,-0.7490214134326566,0.5027068241199151,0.3337713087841951,0.5481572177569675,0.259929448061937,0.19243204245049741
256,64,0.0001,0.3691680736739569,0.3070918126649818,0.22372527007866083,-1.2857817342334035,0.5846993878083313,0.4147824725495353,0.392478714377629,0.30060480660998606,0.21656568108196497
256,64,0.0005,0.5070201918898146,0.27144275177994875,0.19994085484382726,-1.0415645244594005,0.5502703718252185,0.3803237386195937,0.57914106520206,0.2508970595334567,0.18803702746560116
256,64,0.001,0.5573468920501434,0.2572987557511282,0.19239457716293248,-0.6427092862025756,0.49394121298234667,0.32049358596984373,0.5727845194702313,0.25262207173245393,0.18802134602880463
