batch_size,hidden_dim,learning_rate,random_seed,gcn_test_r2,gcn_test_rmse,gcn_test_mae,gin_test_r2,gin_test_rmse,gin_test_mae,gat_test_r2,gat_test_rmse,gat_test_mae
64,32,0.001,42,0.3506602703527655,0.3116582526821714,0.22852276177693634,0.7284778141703401,0.2015325982822423,0.14907556141386769,0.5177980518345623,0.2685697679079875,0.2070371553073851
64,32,0.001,21,0.5164512689453233,0.2689445620810003,0.20111323028216688,-1.265879755016051,0.5821850823783314,0.39360888086926965,0.5557739317353737,0.257777295981215,0.19318533375454514
64,32,0.001,0,0.35948126920010637,0.3095341430826751,0.22353432411482063,0.22016017732185977,0.341542967840649,0.23151169275813202,0.5396743692133896,0.2624068826948671,0.20080893120838633
64,32,0.0005,42,0.5304879429795655,0.2650122920262353,0.19443745840872373,-0.05400615839974243,0.3970673868513237,0.2674117917535158,0.36446522501095413,0.3083275294871542,0.22559965561227505
64,32,0.0005,21,0.41722890636353815,0.29525118170789194,0.21557942577127437,0.1335455073986711,0.36001079425719684,0.24889949244184492,0.5190615243914365,0.2682176819157638,0.19827554615222026
64,32,0.0005,0,0.4656886459074028,0.28270913711103796,0.2042959387734872,0.5433610937279085,0.26135396859855087,0.17984039188733966,0.410953589258249,0.29683656723250007,0.21697748522441387
64,32,0.0001,42,0.1617217025508244,0.3541088287554071,0.2636849474542185,-0.4425802762030395,0.46452879339643244,0.29294401476095144,0.39642148424663914,0.300475820601782,0.21693745814670892
64,32,0.0001,21,-0.04558630068424385,0.3954782336425204,0.28576324152045796,-2.6478801397194145,0.7386911970035082,0.5472790607615556,0.31775626857722494,0.3194570085403249,0.23155816673971957
64,32,0.0001,0,0.1658282792660487,0.3532404057106102,0.25979961159450354,-1.3102339825846632,0.5878555563485734,0.3874066996269214,0.23172155359741964,0.33900177196689124,0.2465863713167103
64,16,0.001,42,0.3313923909767891,0.31624837374011106,0.2336771369836422,-0.5624495604708131,0.4834434122865533,0.3327052378111097,-0.006795561568902819,0.3880728764457883,0.3225349975011887
64,16,0.001,21,-0.3401373761909836,0.4477311425799937,0.36918053238458126,0.21721102557234917,0.3421881718347415,0.23852157979840752,-0.5803208626065597,0.4862003646976803,0.37686099925712613
64,16,0.001,0,0.08913874640043684,0.3691210033727116,0.28380773769406054,-1.2301354497037336,0.577574836880475,0.4001991359509418,0.3344697412131592,0.31551974800670834,0.2441674815168092
64,16,0.0005,42,0.115857512589572,0.3636668996187423,0.2741993010286015,-2.8421633338627372,0.7581070844682676,0.593242434609729,0.37117744973496314,0.3066950010713932,0.23440361782196645
64,16,0.0005,21,-0.3782787251547295,0.4540578305450776,0.36221432633746836,-1.4531930457776312,0.605771038231213,0.44979691423552504,-0.419430041587175,0.4607863865679961,0.3802845886711623
64,16,0.0005,0,-0.7422355543677519,0.5105003917236188,0.42545661351623437,-4.106025675675744,0.8739450778024352,0.6718275826162671,0.08895471881103956,0.3691582895222274,0.2928291028118342
64,16,0.0001,42,-0.6298711742555543,0.49376384124203987,0.38562781163911464,-2.436222523768269,0.7169407793972988,0.570312141069501,-0.5432730662237435,0.4804675173334615,0.37347035120696975
64,16,0.0001,21,-0.7494756385913861,0.5115600170743648,0.40862878054482765,-3.5969207123024853,0.8292321851049899,0.639773210286722,-0.6597277493033202,0.49826579084588524,0.38914735861357547
64,16,0.0001,0,-0.8944224731169954,0.5323301471690227,0.44114426438078225,-4.0552575667498925,0.8695895006729579,0.694625098147766,-0.7503361734888567,0.5116858150897806,0.41218897196936155
64,8,0.001,42,-3.7183681318734356,0.8401146431724177,0.7710370390704748,-0.2561395461367215,0.4334725371243175,0.34671439463519843,-3.583250926522001,0.8279983302500553,0.7112265027689628
64,8,0.001,21,-2.6629191827947523,0.7402123246062524,0.6750475153713125,-2.9373891046881955,0.7674442051169474,0.6167864571725283,-4.46378756995167,0.9040439546999656,0.7766327578091748
64,8,0.001,0,-3.4269577541649037,0.813758114686197,0.7501022081020806,-1.2665400232304722,0.5822698993914595,0.4498415240413727,-2.6333606663898332,0.7372196435993074,0.6824258066809181
64,8,0.0005,42,-1.200587785144033,0.5737358563574013,0.5065137536831659,0.27244233988696165,0.32989547022041055,0.2544109764003843,-3.8519670523220295,0.8519253965248492,0.7770799086907488
64,8,0.0005,21,-3.2087777307796,0.7934519630900378,0.7197279142581631,-4.716876362630149,0.9247451100712034,0.7686855650826465,-3.2358180709465154,0.7959967470548573,0.7363357424847677
64,8,0.0005,0,-3.6590380666675237,0.8348160170022902,0.767033892276322,-2.761628485142826,0.7501197389073302,0.5776452116768248,-3.2186547961592806,0.7943824451554755,0.7362865599252044
64,8,0.0001,42,-3.613360843627281,0.8307136680210645,0.7629025185662733,-9.888533207334378,1.2762252519335793,1.1007703799141446,-3.9043132619705885,0.8565086335090829,0.7639614802541266
64,8,0.0001,21,-4.050580122015901,0.8691871079086245,0.7845142050679683,-4.657793945284918,0.919954200675979,0.755701049804092,-3.6312158044467715,0.8323196594972616,0.7657997044704127
64,8,0.0001,0,-3.914367325754302,0.8573861247147865,0.7865032646531728,-12.62203645621803,1.4274590641475724,1.2318424423002208,-2.7775627190740795,0.751706811157449,0.6840281797653803
64,64,0.001,42,0.47385379459905863,0.28054069258745173,0.21600517912503522,0.40954170946703006,0.2971920967041246,0.2130117929990389,0.67206626347508,0.22148060045882567,0.16959426762571642
64,64,0.001,21,0.5664407780355425,0.2546635903600636,0.19018778471957137,-0.1594650810421523,0.4164582601398039,0.290929232915044,0.6101473592901643,0.24148651479439795,0.18535709455539537
64,64,0.001,0,0.5590134314986196,0.25683566113262657,0.19239427415869811,0.3032264408945943,0.3228408443387879,0.2146924936209401,0.6136731376234891,0.24039204775887335,0.1824362140277978
64,64,0.0005,42,0.567516771075315,0.2543473861839725,0.19246673539322762,-0.639443575140014,0.49521168141394073,0.33793810029495813,0.5067788015532522,0.27162110432940983,0.2045164309253627
64,64,0.0005,21,0.5230360038737849,0.26710710614919764,0.19837923210708566,-0.026286626349908637,0.391811319180562,0.25244624310272246,0.6102912178639617,0.24144195550789446,0.18193011636701256
64,64,0.0005,0,0.46164881178710504,0.2837758815585871,0.20903924134534632,-0.030764326568961886,0.392665127520417,0.2567740627054196,0.5625128287950736,0.2558145867809853,0.19153829771691547
64,64,0.0001,42,0.4450609778139585,0.28811460625535257,0.21307800726484144,-0.4481439519593484,0.465423717751705,0.3012208302915003,0.5388768233240899,0.26263410332565473,0.1959983131642123
64,64,0.0001,21,0.5328500957361806,0.26434480238769203,0.19660793272286997,-0.540583131167166,0.48004860569851066,0.31997794357642806,0.5567459363006755,0.2574951221753,0.19146472589693478
64,64,0.0001,0,0.48579048486850906,0.27734011921390506,0.20292075544530586,-0.6910199403884769,0.5029409617413414,0.3202841444905758,0.59162484944654,0.24715664842898627,0.1847415083540703
16,32,0.001,42,0.6720803019195267,0.22147585975051223,0.17006384950483586,0.7145928910189472,0.20662127481630455,0.15184059598614863,0.5829365939688848,0.2497719626035004,0.1942036445908274
16,32,0.001,21,0.5978913840415988,0.2452530025088977,0.18375331567221792,0.6918666274327852,0.21469009700273417,0.15818335836543315,0.5969546839970996,0.24553849112867268,0.18443881278107996
16,32,0.001,0,0.5851002895461966,0.24912322042673643,0.1864419614676941,0.703229329328513,0.21069446785491594,0.15652414772088477,0.6280177128483859,0.2358868732480079,0.18235298204972825
16,32,0.0005,42,0.5431563378228038,0.2614125573107018,0.1953937513843909,0.7169946379570769,0.20575006238901658,0.15153027012539474,0.6338850624757821,0.23401913394376303,0.1775219168768724
16,32,0.0005,21,0.5094826290611476,0.2708755707857433,0.19607182632860748,0.26088548048142435,0.3325052527478954,0.2345035906103005,0.6173623760518365,0.23924147926492112,0.1795592456916478
16,32,0.0005,0,0.5532587587954024,0.25850602329100014,0.1916762596735387,0.7249694025439545,0.20283044788659396,0.14769780051510967,0.6219156456388949,0.2378137693577615,0.1789409614822621
16,32,0.0001,42,0.3351861975963458,0.3153498706752637,0.2286725133573715,-0.6643798202788447,0.4989635998184741,0.3734747679427829,0.48096633835376845,0.27863803957490746,0.20204280593638638
16,32,0.0001,21,0.3548743584764754,0.3106453059312054,0.22599499425849354,-1.2218260851913842,0.5764978263639683,0.4036573930490847,0.3440444541168026,0.31324189861877677,0.2281728014140586
16,32,0.0001,0,0.3236938321778806,0.31806385443197843,0.23028594123323448,-0.852816698969618,0.5264521112052235,0.37880689071336093,0.4955965957291364,0.2746829152862229,0.1998547620413045
16,16,0.001,42,0.3793318169911468,0.3046999514347549,0.2343891650261523,0.6849871133656702,0.217073497520876,0.16383488045012695,0.5023393605077648,0.27284078486842245,0.21333711265661626
16,16,0.001,21,0.38669319481476083,0.30288762882839,0.2181509366602664,0.6719656468131545,0.22151457520301326,0.16541649377461415,0.4314786984634905,0.2916191329261628,0.22079881801480172
16,16,0.001,0,0.35281434347728236,0.31114088687176156,0.23130084751473343,0.6736967348449056,0.22092931871754784,0.16543266485156471,0.5534254141973006,0.2584578013676275,0.19665709369598683
16,16,0.0005,42,0.027659476838619468,0.38137466257141345,0.28383476556259285,0.6814294095007053,0.21829585217795927,0.16565772246242574,0.47057933891933845,0.2814123070140177,0.2117900714403832
16,16,0.0005,21,0.24001739255251509,0.33716654076167635,0.2489051503238922,0.6945428138220788,0.21375575536784805,0.15737902340277113,0.38098633983527763,0.3042935592101964,0.22114238447224466
16,16,0.0005,0,0.11510562438517324,0.3638215006853344,0.2777433341791806,0.695098927757589,0.21356108535556848,0.15744657290193984,0.3263860542289442,0.3174301529765779,0.24119450827892444
16,16,0.0001,42,-0.849789859210494,0.5260219182155181,0.41478652117440673,-1.5186120045244786,0.6137949034845466,0.4810685279255467,-0.5705304551842334,0.4846919700599646,0.3932351207048343
16,16,0.0001,21,-0.48846372530537097,0.47185848729300833,0.36643639646989273,-1.775221287699067,0.6443049272979275,0.4849802564167805,-0.3317521777636423,0.446328224624818,0.3603147114584902
16,16,0.0001,0,-0.5224552679951715,0.47721590988290313,0.38379929090268233,-1.9033935926355987,0.6590154564094988,0.4874642637421331,-0.4337394940246704,0.463103184930306,0.36445713266520957
16,8,0.001,42,0.6537527579749244,0.227580897042309,0.17286218556247201,0.6167842544618152,0.23942214427572736,0.1760201410989705,0.686031153666954,0.21671347800612697,0.1643241403849468
16,8,0.001,21,0.6520771430974475,0.22813090531070407,0.17428788951215168,0.5867651592245051,0.24862288914518027,0.17829547879698127,0.7019646002024433,0.21114294231458403,0.1604992456820247
16,8,0.001,0,0.6482242882711942,0.22939057431841595,0.17497660657446198,0.5701612465008223,0.2535685735946814,0.18103819596108667,0.688173237361692,0.21597293810895724,0.16293207050076955
16,8,0.0005,42,0.6607687341025121,0.22526337158097492,0.17083442758255887,0.6100119963711397,0.24152843509857624,0.17420228451369443,0.6936491572887895,0.21406821276469393,0.1629679762047974
16,8,0.0005,21,0.6615050176806068,0.22501877765334702,0.17048808942539334,0.6174034204634306,0.23922864755618056,0.17588244205037765,-1.7742076134467006,0.6441872474991475,0.5819899088287591
16,8,0.0005,0,-2.1510820887328883,0.6865505226309748,0.6139696496671116,0.5876017157337075,0.2483711043908952,0.1803404233100598,0.3493510858968587,0.3119722737324113,0.23150086574095918
16,8,0.0001,42,-2.698290732724358,0.7437777256584213,0.6757728950031243,-7.677382208096857,1.1392971396697287,1.0005514634388744,-2.548774594787127,0.7285877268803062,0.6641105092989814
16,8,0.0001,21,-2.8397317106207507,0.7578671515963876,0.6860812878258854,-4.909872293983149,0.9402247771728598,0.8012261030415688,-2.798803843756491,0.7538172612729639,0.6877940877913833
16,8,0.0001,0,-3.954039507204473,0.8608398761788741,0.7938919927863229,-8.077275209896756,1.165253443316347,1.0015216390304256,-3.2324720382880914,0.7956822909968915,0.7248264539625137
16,64,0.001,42,0.629205669523747,0.2355099097707339,0.18018093356258452,0.7125921037295784,0.20734424774339016,0.14948544619867216,0.6124559281101074,0.24077045448764392,0.18341240583640725
16,64,0.001,21,0.5823518485563461,0.24994699816105276,0.18865396185216032,0.7229598762822997,0.2035700952161185,0.14674269107219542,0.6087848213839604,0.24190814530639151,0.1866840777306344
16,64,0.001,0,0.688270509153432,0.21593924999146044,0.1651225369906299,0.7195425704801672,0.204821771566479,0.15279441262422933,0.7091644984316505,0.20857696937556605,0.15506306179902943
16,64,0.0005,42,0.5735080011415132,0.25257949323323425,0.19242524981610373,0.07328979952088044,0.3723184991245902,0.2571626483668322,0.6632869096205682,0.2244257286584994,0.1716322674067959
16,64,0.0005,21,0.6077057414907745,0.24224154042210105,0.18594349915632188,0.7133560792964924,0.20706848749390971,0.15174922413130756,0.6221010216292986,0.23775546177693574,0.18329817319042863
16,64,0.0005,0,0.6114141435537843,0.2410938533168229,0.18416099759738147,0.10000278787088479,0.36691310662116566,0.23480270774595968,0.6697640584859764,0.22225667487247946,0.17337869667389078
16,64,0.0001,42,0.5024066917520482,0.27282232717909644,0.19962260427603007,-0.3948327984360436,0.4567764648070402,0.286836004465623,0.6115098311010694,0.24106416734204641,0.18410277463405011
16,64,0.0001,21,0.49058185302372836,0.27604497726418037,0.2037043014690722,-0.4365195917648239,0.4635519584377143,0.29892885048539053,0.5557337072040096,0.25778896654374134,0.19311177101575916
16,64,0.0001,0,0.5524697837190988,0.25873419210618814,0.19248440352745663,-0.808765327430657,0.5201561715848771,0.3469496367314887,0.5844309223001973,0.2493240975502706,0.1879687081490909
32,32,0.001,42,0.5739601049748893,0.2524455839970769,0.1873829061822001,0.5807591693996658,0.25042312450736215,0.18204197971440464,0.5706504588951711,0.2534242355097004,0.191067357678135
32,32,0.001,21,0.502660289719038,0.2727527964961887,0.19751737447518913,0.6938530804068124,0.21399695341388855,0.1574523029869287,0.5229219116691719,0.2671390509255748,0.199841417895605
32,32,0.001,0,0.5531326123012363,0.25854251793698096,0.19423271334621633,0.7347395796573712,0.19919520056935175,0.14594472351574428,0.6475893851830051,0.22959748901349641,0.17622964232555227
32,32,0.0005,42,0.502327064564828,0.2728441554524442,0.2049353535831105,-0.5842157679782134,0.4867991478539034,0.3290338766340386,0.5959408504951671,0.24584711498571651,0.18424291042026564
32,32,0.0005,21,0.5868415179642161,0.24859991745246424,0.18723349269017778,-0.2906889963453465,0.43939331711121926,0.29457817604643755,0.4490932998756906,0.2870659423782869,0.2059444839270309
32,32,0.0005,0,0.48993721400938683,0.2762195814695517,0.20276854300997685,-0.3516546060119028,0.4496509423043869,0.3056361778728522,0.5864375301158102,0.2487214287024978,0.18957023698018932
32,32,0.0001,42,0.3796123108008267,0.30463109329866955,0.22029838285109715,-1.0837265531539026,0.5582940591865346,0.3845424741422836,0.309787416637057,0.32131727848203423,0.23459600963110183
32,32,0.0001,21,0.28078957643642855,0.32799757289366044,0.24010639134102452,-1.1572010287220227,0.5680518164184672,0.4065045942710855,0.34146598395026306,0.313856949994943,0.2310753007103345
32,32,0.0001,0,0.16516448145009677,0.3533809244882403,0.25809817562764265,-1.1515300474054078,0.5673046604643476,0.3927214968178446,0.4073769711928025,0.2977363811515772,0.21649735010381121
32,16,0.001,42,0.4347800883766053,0.2907711873886279,0.20925637568826047,0.6917250180059265,0.2147394240995458,0.159038279155549,0.5472874568725856,0.2602279300958994,0.19136655163176908
32,16,0.001,21,0.03430467291646344,0.3800692277866445,0.2883536019922233,0.6992923797993653,0.21208739622887604,0.15816216866299393,0.3988241222753476,0.2998771789245493,0.21725827978433687
32,16,0.001,0,0.3890341479799233,0.30230902474523935,0.22190924923456426,-0.7760088992669603,0.5154246828157459,0.33502765941947393,0.48410009540564214,0.27779560296592054,0.2129561091972968
32,16,0.0005,42,0.11546120493534195,0.36374839543591103,0.2714892285263914,-0.5864870835264817,0.4871479887358655,0.3580980470617451,0.47830095003068707,0.2793525669791449,0.20549288921493164
32,16,0.0005,21,0.10059503210706178,0.3667923629508516,0.2796370307989058,0.2839666006223879,0.32727232648062904,0.2400958424168306,0.3911493823348803,0.301785256633422,0.23142675455756162
32,16,0.0005,0,0.4054526257184078,0.2982193891257507,0.21700828461731891,0.18038000359306205,0.3501457958765236,0.2346424401420524,0.3513833962122632,0.3114846679538437,0.23562089242378398
32,16,0.0001,42,-0.6144548720876988,0.4914231354003295,0.38968154187876847,-3.496885187277039,0.820159922122236,0.6817944171165922,-0.2197340584369889,0.42714489363149494,0.3408293048180977
32,16,0.0001,21,-0.6750455184260675,0.5005597789143187,0.39709868760098527,-1.6740144464220883,0.6324475552592705,0.48970790553978744,-0.4198577127109906,0.46085579829820844,0.3675286819739078
32,16,0.0001,0,-0.31650467687905737,0.4437658179320523,0.3487870921725375,-3.377197618266967,0.8091717658017926,0.6430913079279942,-0.06773116470993812,0.39964428149108105,0.30106959386129434
32,8,0.001,42,-0.9211872959586482,0.5360773975632314,0.4633914784941493,0.6760599032557644,0.2201278527758679,0.16356687146799287,-0.021923223471387088,0.3909775113283099,0.31563523885349987
32,8,0.001,21,-1.0606434977834316,0.555193119210435,0.48290674961100805,0.6046177270224802,0.24319309532986344,0.1718093133367228,-0.7921516756558411,0.5177618231611728,0.44879425223306163
32,8,0.001,0,-1.1843903424628501,0.5716204630673227,0.496788562181552,0.6134730882801686,0.24045428009632247,0.17657142365831083,-0.6737936210619071,0.5003726894916135,0.43457217280506677
32,8,0.0005,42,-2.4355678077439866,0.7168724754713469,0.6563306499413315,0.665808056643046,0.2235839535881388,0.16439469248437896,-1.6988734795062395,0.6353805355820894,0.5706012973255415
32,8,0.0005,21,-1.7392097358068224,0.6401109947253728,0.5678450374204295,-1.980568630603471,0.6677166513651592,0.5346412689954536,-1.5654016519211833,0.6194700706979396,0.552822014483816
32,8,0.0005,0,-2.391785332898055,0.7122899593495199,0.6422611715047016,-3.0610485167991524,0.7794023887752689,0.6488987739258099,-1.4864775364208502,0.609866690077501,0.545066354723599
32,8,0.0001,42,-2.8959852790792473,0.7633984909961893,0.6950325686001905,-6.421047504876077,1.053598756468348,0.9072405343646747,-3.4241820738060182,0.8135029635524177,0.7360612176709945
32,8,0.0001,21,-4.180293892244784,0.8802779899678661,0.7938637793008291,-5.04519998782018,0.9509287544846393,0.7987446359199097,-3.5584125316593935,0.8257516619435193,0.7482572792844031
32,8,0.0001,0,-4.342897966617888,0.8939867535834286,0.8255959578391131,-9.100144630807339,1.2291543994022718,1.0492397727275542,-3.1644922146452767,0.7892665018103947,0.7198531074595385
32,64,0.001,42,0.5887119279500777,0.24803656072618965,0.18872506477815673,0.693441455039836,0.214140768327341,0.15567137976940296,0.6164062486755238,0.2395401987265463,0.1857928410940084
32,64,0.001,21,0.6188162240507923,0.23878654260525614,0.1841257883167773,0.26492997213312686,0.3315942575863559,0.21575391363286242,0.6221730173600756,0.23773281261068085,0.18075470800813645
32,64,0.001,0,0.6222876140809945,0.23769675713011904,0.1813154318836604,-0.24875018201116372,0.43219568418663246,0.2821407285363385,0.6968544591940423,0.21294538660513462,0.16261114227075782
32,64,0.0005,42,0.6031831441134222,0.24363388996083649,0.18469051863676006,-0.8986762839183648,0.532927469578928,0.38111902466796915,0.6188996218572731,0.23876041955846225,0.18336178800146394
32,64,0.0005,21,0.5880322207311106,0.24824143251153055,0.18924457327931737,-0.5290212418484783,0.4782438599765907,0.3234200779810348,0.6389433862816462,0.23239688141548687,0.17966099243926287
32,64,0.0005,0,0.5974455249797356,0.2453889334174395,0.18629846370409997,-1.5959987396272317,0.6231532755125779,0.41812113847652155,0.634505137127158,0.23382087540305277,0.17713370741511597
32,64,0.0001,42,0.42480491317370817,0.2933257754099236,0.2172726964042442,-0.6220314542818568,0.4925749017713259,0.3352735885932153,0.5185735965638647,0.26835370523383933,0.1988049915646003
32,64,0.0001,21,0.5154978457860646,0.26920957332585366,0.19923157220031185,-0.6196495323865667,0.49221310052821265,0.32807997915843784,0.5631504113567933,0.2556281100118965,0.19407524989613734
32,64,0.0001,0,0.48085611095352787,0.2786676252439024,0.2064343277380089,-0.7260582693396593,0.508124774184936,0.32205286049820503,0.5334898944915444,0.26416371980363906,0.1952557941916731
128,32,0.001,42,0.2035538501290164,0.34516031138504116,0.2594852371585023,-2.198690936485707,0.691717532218641,0.5022268460536056,0.5661676409158314,0.25474379523670215,0.1869494506354783
128,32,0.001,21,0.4508572282023754,0.2866060008632917,0.20942191991290934,-1.171811220593037,0.5699722079232693,0.3741484730458803,0.4325037849946448,0.2913561087292808,0.2177222078009542
128,32,0.001,0,0.3565599298013252,0.31023921659273346,0.22591447993959443,-0.026018152544503792,0.39176006743787856,0.255413994802522,0.545672799075273,0.26069158531563674,0.1926303151023786
128,32,0.0005,42,0.1457525429958999,0.3574657943927736,0.26454763475001847,-0.7679309565641579,0.5142511762476313,0.3358864490962795,0.276372479558584,0.32900324476140813,0.24846062748051792
128,32,0.0005,21,0.24637370751436194,0.33575358951963147,0.2507922842172842,-1.825500117241588,0.6501151823201788,0.4537682656827957,0.4252436319052625,0.2932138898402297,0.21811801569185665
128,32,0.0005,0,0.24801741478800066,0.3353872395971852,0.24885536870322225,-0.5543055547030011,0.4821818324230178,0.3087395121073894,0.3318948271856472,0.3161295263817846,0.24267132967812843
128,32,0.0001,42,-0.1058182359809996,0.40670968773162014,0.29516093938603016,-3.0170525035565907,0.7751690020841654,0.5751534237773799,0.2267673170397454,0.3400930404532252,0.2519199439521287
128,32,0.0001,21,0.08550570383098222,0.3698564050433063,0.2689435444062775,-2.386025098988227,0.7116848650027906,0.5162677976290881,0.04079961402233656,0.3787889627700692,0.27461553490835544
128,32,0.0001,0,0.0815961417566452,0.3706461499592727,0.272976282496695,-3.8346155469986405,0.8504007130802529,0.6281254164993186,0.1664065035109228,0.35311795635785553,0.25576831458547583
128,16,0.001,42,-0.5385796471433548,0.47973635945075865,0.39049587910747735,-0.8458139598574079,0.5254563039076141,0.37272846062333,-0.2945720598341435,0.4400537824906571,0.3541970517982962
128,16,0.001,21,-0.14162044488967118,0.41324110334712677,0.3331280969434554,-1.6027385658936764,0.6239616777415288,0.4283539818630641,-0.4620551641891699,0.46765385971780354,0.3791952459208488
128,16,0.001,0,-0.8194609387739196,0.5216918014477359,0.434642027587843,-1.6276758353079082,0.6269436920810945,0.4142590880654508,-0.3893925498169344,0.4558848148174965,0.37885601104440964
128,16,0.0005,42,-0.41965053100696137,0.46082217367086753,0.3626983686048762,-6.108352438050078,1.0311625212251314,0.8555354064157744,-0.5603325954888589,0.4831157922154419,0.4013851435527629
128,16,0.0005,21,-0.15222581157870185,0.41515611906202754,0.32322437540650406,-2.1898813919756144,0.690764342618973,0.48544946961428204,-0.6658416747972258,0.49918267604445854,0.3988683450754233
128,16,0.0005,0,-0.6709974650744945,0.49995456598831606,0.41190770935573096,-3.0603306279560467,0.7793334965905984,0.5795144993105866,-0.3925494599072179,0.45640244059095714,0.37820956679459405
128,16,0.0001,42,-1.0824200642291384,0.5581190075768573,0.44118287508985676,-7.353734125494379,1.1178485503635265,0.9438384812659039,-1.266150801694482,0.582219902102043,0.45691930894140076
128,16,0.0001,21,-1.0848534499284073,0.5584450038331698,0.4360093451126866,-2.7695767289556987,0.750911814527398,0.5767393215648688,-0.6035093530119569,0.48975445167557097,0.38071662993346234
128,16,0.0001,0,-1.3402074097174252,0.5916567431773043,0.5056995304904429,-6.502256240424256,1.0593478518291868,0.8416832745391579,-1.0686613291238656,0.5562721809521213,0.4474999152084384
128,8,0.001,42,-3.2539505546182728,0.797698659684657,0.7284895442554141,-5.081000163756558,0.9537403375165996,0.8142615973186463,-3.512339262613744,0.8215680014645939,0.7386877199578501
128,8,0.001,21,-3.478554997184429,0.8184866485091027,0.7509823189353407,-1.4824478444179237,0.6093723016488288,0.45623989891269,-2.7999303001229996,0.7539290174136498,0.6909705150734065
128,8,0.001,0,-4.591349866026849,0.9145363617045977,0.8464118887251927,-11.320506467245883,1.3575534070945263,1.1639241992106037,-4.23144889400453,0.8846136512361,0.8221496812187431
128,8,0.0005,42,-4.695731719865818,0.9230333782177496,0.8442077420854286,-6.282915792536595,1.0437471143396513,0.8669645029271055,-3.967030628519935,0.8619678398627376,0.7593250823996047
128,8,0.0005,21,-3.5821904527835535,0.8279025334786472,0.7576008231573614,-6.0833470406521695,1.0293472380928679,0.8449121268138713,-3.6469168013704643,0.8337293531426011,0.7699598188218645
128,8,0.0005,0,-4.323138897860937,0.8923321545576209,0.8254299351397135,-11.285007861707726,1.3555962628802338,1.1896249877263931,-3.045554167699372,0.7779141187438616,0.7195285329065433
128,8,0.0001,42,-5.995950008227108,1.0229772893459874,0.9386101270741758,-11.613866567940505,1.3736204879912477,1.1757278155431947,-4.854646236809882,0.9358214008680235,0.8348917014294404
128,8,0.0001,21,-4.170864295019136,0.8794764478260643,0.7934664685466384,-8.556474336839376,1.1956153784705936,1.0254798715575353,-5.159780726279738,0.9598984045173821,0.835127447904217
128,8,0.0001,0,-5.022342937585856,0.9491293094014563,0.882037338003158,-13.445543270305942,1.4699737630708485,1.2889655614472388,-4.458004997207317,0.9035654328160837,0.8369850101524541
128,64,0.001,42,0.5787039121275099,0.2510362025569337,0.18997958627225012,0.027280982256957853,0.38144888255678056,0.25052554690015344,0.606791831104704,0.24252354591417866,0.18501955012102034
128,64,0.001,21,0.5383431672844576,0.2627860320893899,0.19296608408875215,0.1400146783065963,0.35866430990322956,0.23443812174682427,0.5858045003552298,0.24891171175951377,0.18959274181826874
128,64,0.001,0,0.5477762522868028,0.26008740762368293,0.19462750235684692,-0.3578890460540862,0.4506867456505097,0.2996454901372199,0.6375196933729538,0.2328546161075955,0.1788235672406766
128,64,0.0005,42,0.5791351130533413,0.25090770058616574,0.18821302206115056,-0.35829745449014516,0.4507545164420325,0.2979085340449261,0.5973765176245847,0.24540996524876263,0.18643827986203615
128,64,0.0005,21,0.5634862175875979,0.25552984047327665,0.19015472500241626,-0.5331826088098905,0.4788942093282749,0.31625928329446334,0.5615666384236782,0.25609107324850927,0.1888465954294958
128,64,0.0005,0,0.5544284395304231,0.2581673846487872,0.19349547739591666,-1.5139184261595555,0.6132227157270559,0.42849028985127413,0.5799806380579846,0.25065553486612774,0.1889805336725031
128,64,0.0001,42,0.3392776528443,0.31437799619135115,0.2312959913086452,-1.3140366335236329,0.5883391632871009,0.41278427941628704,0.5198990521441378,0.26798403702307766,0.19888900184571798
128,64,0.0001,21,0.4680240342744827,0.282090622595354,0.20556950725468479,-0.7524128834333834,0.5119892733718957,0.3434858664549257,0.44471241754941326,0.2882050752392319,0.20936378523070032
128,64,0.0001,0,0.4479526949056861,0.2873629613993141,0.2101063464829001,-1.5266768487349092,0.6147768339826318,0.4340369398430888,0.4599108291078835,0.2842335755008818,0.20618338931771765
256,32,0.001,42,0.31923968794575797,0.3191095179226365,0.2366972888145006,-0.2553539817266153,0.43333697342269384,0.27561898191310896,0.5481558883709299,0.2599782146670929,0.19325655235412006
256,32,0.001,21,0.38638099039795837,0.3029647116386977,0.2204887907913689,-1.7056299288207546,0.6361753547941024,0.4449163791800602,0.5268122333456695,0.26604763193453207,0.1936793354128511
256,32,0.001,0,0.3551530572451813,0.31057819821518595,0.23238779253189987,-0.28608032975060005,0.438608144142949,0.28077856525941597,0.5695035315543029,0.2537624975841861,0.19036023958452114
256,32,0.0005,42,-0.04967468474027115,0.3962506660301003,0.30308704289874916,-2.1729195835160353,0.6889253668085471,0.5184610541299325,0.3729849422462298,0.3062539005993891,0.22536890706977283
256,32,0.0005,21,0.2230227999476111,0.3409155264811993,0.2496600870113986,-3.207502329587709,0.7933317326667425,0.5766735426009241,0.22804554695644552,0.33981182050833275,0.25180535654406827
256,32,0.0005,0,-0.269166889604763,0.43571449738933776,0.34517274333133274,-0.6345054627261388,0.4944653138042391,0.3352092770610122,0.024747152785349114,0.38194537630100267,0.2763031699900846
256,32,0.0001,42,-0.10653095911232602,0.4068407330972785,0.2964910548290833,-3.1583527856447544,0.7886845061408156,0.5897315800506325,-0.6851781082565065,0.5020714750796738,0.37272974583568924
256,32,0.0001,21,0.10003511326525105,0.3669065173133257,0.26666464196716366,-3.0346071585029124,0.7768609130160274,0.5773952938488339,0.23131417909156515,0.3390916367666243,0.24995041652802114
256,32,0.0001,0,0.1275287739499701,0.36125860451703823,0.2665108601227426,-4.662780388306349,0.9203595078460838,0.6838842236619795,0.11868808675305287,0.363084294801689,0.26385406579890924
256,16,0.001,42,-0.4127583490678366,0.45970220280116464,0.32569777842726216,-6.40105749439216,1.0521787647104777,0.8607096054239122,-0.46485773079124426,0.4681018604653982,0.3983665349295167
256,16,0.001,21,-0.8568285248767116,0.5270217552993078,0.38231094859370657,-4.447356201523394,0.9026835555143827,0.7262099060906569,-0.639458893851389,0.49521399499984625,0.38924971930950164
256,16,0.001,0,-0.5465482108152342,0.4809770728468223,0.3838010773672151,-5.624703738815421,0.9954647226603335,0.7975738600124391,-0.712038200577503,0.5060569211821894,0.4054446110232636
256,16,0.0005,42,-1.248332139414622,0.579926397689954,0.45291366883824846,-7.929485905825272,1.1557286292805042,0.9623723837721173,-1.0107247494812586,0.5484271611490386,0.40913940957290024
256,16,0.0005,21,-0.7816440515264629,0.516241738483048,0.42641310970224217,-5.870684156761058,1.0137774712194676,0.8132896708429809,-0.01001002075637758,0.3886918950224305,0.2806640939715502
256,16,0.0005,0,-1.2005998939251739,0.5737374348521124,0.48786395570467384,-6.580193371705074,1.0648361483828768,0.863267434823152,-0.4477376633892447,0.46535842396598986,0.3886316006458293
256,16,0.0001,42,-1.0488015583488006,0.5535955512468862,0.4403778340270882,-8.320575359976457,1.180766449781479,0.9834132874119925,-1.016586597054085,0.5492259917241002,0.43726120015959274
256,16,0.0001,21,-2.3424076912770118,0.7070861889375764,0.5558032641141369,-6.157997003074538,1.0347570634051826,0.8229446169215741,-0.805751811751807,0.51972268466791,0.41342488624436985
256,16,0.0001,0,-1.3077850531076756,0.58754389992665,0.5020161675468966,-10.97598384012779,1.3384379564617586,1.0795192365679114,-1.049190192014751,0.553648054054189,0.446306515811869
256,8,0.001,42,-5.112876000353284,0.9562367636394152,0.8699450019445786,-5.208927116167347,0.9637201165421821,0.813205941557847,-3.6962207463224432,0.8381406314272315,0.7532122165681122
256,8,0.001,21,-3.770300590203756,0.844725328794216,0.7606095956557622,-3.18121133947547,0.7908492430807796,0.6351011278031582,-3.2360527934666816,0.7960188013276214,0.6344295543988645
256,8,0.001,0,-3.8878222441443118,0.8550673926911311,0.7831130231725697,-9.398908055725885,1.247201178882213,1.0173327179205183,-3.586718159551281,0.8283114617431317,0.7684413093795562
256,8,0.0005,42,-5.815326320330375,1.0096851547833954,0.9247277261613125,-8.851082493551008,1.213904779801182,1.0021781346740628,-3.9790007389674678,0.863005848505722,0.7612172103545981
256,8,0.0005,21,-4.060430597008707,0.8700343111030514,0.7843289601590683,-5.728974602198568,1.003268295165122,0.8601282505627316,-5.17866515048372,0.9613686887171996,0.8075788623275066
256,8,0.0005,0,-4.53156763508188,0.9096341510015428,0.8415358670234978,-13.208098935402152,1.4578425768568717,1.2741475253413328,-4.060515827351399,0.8700416378521134,0.803124591703531
256,8,0.0001,42,-5.908707187292166,1.0165787721790835,0.9368030668384315,-26.582283694184742,2.0312236947363544,1.8248685072855095,-4.65363070796852,0.9196156683328429,0.823996401860347
256,8,0.0001,21,-4.606142886663754,0.9157453558799595,0.8286403286207701,-17.27699441542415,1.6534651018581805,1.322626832645832,-5.125951866361938,0.957258945702763,0.832724476396535
256,8,0.0001,0,-5.4540704064861405,0.982560934079087,0.918783664256753,-13.701499570126176,1.4829395955394982,1.2912727430244182,-5.094196709587186,0.954774645754254,0.8900519175117104
256,64,0.001,42,0.5476382323178974,0.26012709430259606,0.1941844625767789,-0.5777500194109217,0.48580473185789413,0.32030812762805605,0.6087920448015289,0.24190591199374367,0.1825735082933019
256,64,0.001,21,0.5509615782691313,0.2591698007947638,0.19345004998480123,-0.33775359746402933,0.4473327628959805,0.2823055264654288,0.5776449169015174,0.25135151439536246,0.18716824787912836
256,64,0.001,0,0.5734408655634016,0.25259937215602474,0.1895492189272173,-1.0126242417327758,0.5486861441931655,0.3588671038160464,0.5319165967076478,0.2646087888082557,0.1943222819139836
256,64,0.0005,42,0.5392602492803106,0.26252488991014905,0.19351753680883926,-1.2243838244404763,0.5768295595733841,0.4008911749440508,0.5703774432045109,0.2535047966732532,0.1906117327020498
256,64,0.0005,21,0.5115965487777626,0.27029126174612467,0.19999768099039003,-0.534410617683797,0.4790859570773479,0.3218012144890868,0.5793362898273456,0.25084772547673856,0.18789352330050912
256,64,0.0005,0,0.47020377761137055,0.2815121036835726,0.20630734673225243,-1.3658991312539284,0.5948955988249236,0.41827882642564346,0.5877094625743235,0.2483386564503784,0.18560582639424458
256,64,0.0001,42,0.3338566172829619,0.31566505182349963,0.23145465794258702,-1.3286082183627461,0.590188654355359,0.4147661026291575,0.26147891937141354,0.3323717408451881,0.23533473028230026
256,64,0.0001,21,0.40914420303631305,0.29729211722668836,0.21555133212777625,-1.213898216667992,0.5754683841205082,0.415304559787437,0.4450616031777276,0.2881144439163571,0.20929870715634064
256,64,0.0001,0,0.36450340070259557,0.3083182689447575,0.22416982016561926,-1.3148387676694724,0.5884411249491266,0.4142767552320115,0.4708956205837459,0.2813282350684129,0.20506360580725405
